PK     ! §•ù™„     Ý[Content_Types].xml ¢Ù(                                                                                                                                                                                                                                                                                                                                                                                                                                                                                       ÌTÉnÂ0½Wê?D¾VÄ@¥ªª8t9¶HÐ0ñ@,Ûòþ¾“PP©ÒH4zI”Åo›g'ãmYDhœMÅ î‹læ´±ËT¼Ï^z÷"BRV«ÂYHÅPŒG×WÉlç#^m19‘³J…±ó`ùËÂ…R?†¥ô*[©%Èa¿'3g	,õ¨Â£ä	j]Pô¼å×{%scEô¸ÿ¯¢J…ò¾0™"*7Vÿ é¹ÅÂd ]¶.:F@iÌ¨,b3†)±1r”¼±é`4DèU•Ì ·…$v ûë fDÔ`7Êï„H»°3Õ©ß=è¹!Þ žgík€1¯¬g€¹ñØÂÐž]{&.¬æÎ­.JÕ†¸TÆt7•€+4	Î£äÂu U£5èžgHdà˜Y7°ò^×e}vÖpZ#~[:nÿ‰Žî»òoy`®è)ñI²¼øvýŽÝ6—c73àüöpµº¡‘²>ÓGŸ   ÿÿ PK     ! µU0#õ   L   Î_rels/.rels ¢Ê(                                                                                                                                                                                                                                                                                                                                                                                                                                                                        Œ’ÏNÃ0ÆïH¼CäûênH¡¥»LH»!TÀ$îµ£$@÷ö„‚JcÛÑöçÏ?[ÞîæiTb/NÃº(A±3b{×jx­ŸV b"giÇŽaWÝÞl_x¤”›b×û¨²‹‹º”ü#b4Oñìr¥‘0QÊahÑ“¨eÜ”å=†¿P-<ÕÁj{ª>ú<ù²·4Mox/æ}b—NŒ@ž;ËvåCf©ÏÛ¨šBËIƒóœÓÉû"cž&Ú\Oôÿ¶8q"K‰ÐHàó<ßŠs@ëë.Ÿh©ø½Î<â§„áMdøaÁÅT_   ÿÿ PK     ! Þ	ý(  Ô   xl/_rels/workbook.xml.rels ¢(                                                                                                                                                                                                                                                                  ¼“ÏjÃ0Æïƒ½ƒÑ}q’ne”:½ŒA¯[÷ &QâÐÄ6–ö'o?“Cº@É.¡ƒ$ü}?Ð§ýá§ïÄjU%)´¥«ZÛ(ø8½><ƒ Ö¶Ò³¨`@‚Cq·ÃNsüD¦õ$¢Š%†Ùï¤¤Ò`¯)qmœÔ.ôšcéuyÖÊ<M·2üÕ€b¦)Ž•‚p¬6 NƒÎÿk»ºnK|qåg–¯XÈoÎd9ŠêÐ +˜Z$ÇÉ&‰Ä ¯Ãä7†É—`²ÃdK0Û5aÈè€Õ;‡˜Bº¬jÖ^‚yZ†‡.†~
õ’ýãšöO	/îc)ÇwÚ‡œÝbñ  ÿÿ PK     ! Ô E]  r     xl/workbook.xmlŒRËNÃ0¼#ñ–ï4MšTP5©„ ÑB¢´go«ŽÙiÿžµ£†"8pÚ×x¼3örul$ùc…V9'SJ@•šµÏéûæéæ–ë˜âLj9=¥«âújÙksøÐú@@ÙœÖÎµ‹(²e³Ý‚ÂI¥MÃ–fÙÖ ã¶pŒ’ét5L(:0,Ì8tU‰tÙ5 Ü@b@2‡ëÛZ´–ËJHØŠkÛÖàÞGI‰dÖ=rá€ç4ÅR÷ð£aºö¾ÒO³iF£bùj‡ŠuÒmPÞ™ýJÒ$™{¤·b+ ·ß‡|IŽ;¡¸î=­=ò“>Œv‚»:§I–¦ˆzÏ öµó‡2l"}tÁÄ{B$*È{ó®ÆøT>®Qæf!01k{†_èäùˆNþDÏ.Ð˜èYØ.ãJ%“%zåCX"I³ø. Îß¥ø  ÿÿ PK     ! é¦%¸‚  S     xl/theme/theme1.xmlìYOoÛ6¿Øw tom'¶uŠØ±›­MÄn‡i™–XS¢@ÒI}Úã€Ãºa—»í0l+Ð»tŸ&[‡­úöHJ²ËKÒÖÕ‡D"|ÿßã#uõÚƒˆ¡C"$åqÛ«]®zˆÄ>Ó8h{w†ýK’
ÇcÌxLÚÞœHïÚÖûï]Å›*$A°>–›¸í…J%›•ŠôaËË<!1ÌM¸ˆ°‚WTÆÝˆUÖªÕf%Â4öPŒ# {{2¡>ACMÒÛÊˆ÷¼ÆJêŸ‰&Mœ;žÖ4BÎe—	tˆYÛ>c~4$”‡–
&Ú^Õü¼ÊÖÕ
ÞL1µbma]ßüÒué‚ñtÍðÁ(gZë×[WvrúÀÔ2®×ëu{µœž`ßM­,EšõþF­“Ñ,€ìã2ínµQ­»øýõ%™[N§ÑJe±DÈ>Ö—ðÕf}{ÍÁÅ7–ðõÎv·ÛtðdñÍ%|ÿJ«Ywñ2O—ÐÚ¡ý~J=‡L8Û-…o |£šÂ(ˆ†<º4‹	ÕªX‹ð}.ú Ð@†‘š'd‚}ˆâ.ŽF‚bÍ o\˜±C¾\Ò¼ôMTÛû0Áz¯žÿêùSôêù“ã‡ÏŽþtüèÑñÃ--gá.ŽƒâÂ—ß~öç×£?ž~óòñåxYÄÿúÃ'¿üüy92h!Ñ‹/ŸüöìÉ‹¯>ýý»Ç%ðmGEøFD¢[äðt3†q%'#q¾ÃSgv	éž
à­9fe¸qwW@ñ(^ŸÝwd„b¦h	çaä ÷8g.JpCó*Xx8‹ƒræbVÄ`|XÆ»‹cÇµ½YU3JÇöÝ8bî3+˜(¤çø”íîQêØuú‚K>QèELKM2¤#'‹vi~™—é®vl³wu8+Óz‡ºHHÌJ„æ˜ñ:ž)•‘âˆ~«°LÈÁ\øE\O*ðt@G½1‘²lÍmúœ~C½*uû›G.R(:-£ys^Dîði7ÄQR†Ð8,b?SQŒö¹*ƒïq7Cô;øÇ+Ý}—ÇÝ§‚;4pDZˆž™	íK(ÔNýhüwÅ˜Q¨Æ6Þã¶·[SYJìž(Á«pÿÁÂ»ƒgñ>X_ÞxÞÕÝwu×{ëëîª\>kµ]X¨½ºy°}±é’£•Mò„26PsFnJÓ'KØ,Æ}ÔëÌ‘ä‡¦$„Ç´¸;¸@`³	®>¢*„8»æi"LI%\ÂÙÎ—ÒÖxèÓ•=6ô™ÁÖ‰ÕÛáu=œr2fË	Ìù3c´®	œ•Ùú•”(¨ý:ÌjZ¨3s«ÑL©s¸å*ƒ—UƒÁÜšÐ… è]ÀÊM8¢kÖp6ÁŒŒµÝíœ¹Åxá"]$C<&©´ÞË>ª'e±b. vJ|¤Ïy§X­À­¥É¾·³8©È®¾‚]æ½7ñRÁ/é¼=‘Ž,.&'‹ÑQÛk5ÖòqÒö&p¬…Ç(¯KÝøaÀÝ¯„ûS“ÙdùÂ›­L17	jpSaí¾¤°S!Õ–¡3•† ‹5'+ÿZÌzQ
ØH)Ö7 þ5)ÀŽ®kÉdB|UtvaDÛÎ¾¦¥”Ïƒp|„Fl&0¸_‡*è3¦n'LEÐ/p•¦­m¦Üâœ&]ñËàì8fIˆÓr«S4Ëd7yœË`Þ
ân¥²åÎ¯ŠIùR¥Æÿ3Uô~×ëcínrF:_Û*äP…’ú}ƒ©-pÓTpŸlþr¨ÿÛœ³4LZÃ©OÐ 	
û‘
!ûP–LôB¬–î]–$K	™ˆ*ˆ++öˆ6Ô5°©÷v…ê¦š¤eÀàNÆŸûžfÐ(ÐMN1ßœ’ï½6þéÎÇ&3(åÖaÓÐdöÏE,ÙUíz³<Û{‹Šè‰E›UÏ²˜¶‚Všö¯)Â9·Z[±–4^kdÂ—5†Á¼!JàÒé?°ÿQá3ûqBo¨C~ µÁ·MÂ¢ú’m<.vp“´Á¤IYÓ¦­“¶Z¶Y_p§›ó=al-ÙYü}NcçÍ™ËÎÉÅ‹4vjaÇÖvl¥©Á³'S†&ÙAÆ8Æ|Õ*~xâ£ûàè¸âŸ1%M0Ág%¡õ˜<€ä·ÍÒ­¿   ÿÿ PK     ! ;m2KÁ   B  #   xl/worksheets/_rels/sheet1.xml.rels„ÁŠÂ0E÷þCx{“Ö…CS7"¸UçbúÚÛ—÷ý{³eÀååpÏå6›û<©f‘,Ôº…äch°ð{Ú-¿A±8êÜ	-<aÓ.¾šNNJ‰ÇX±…Q$ýÃ~ÄÙ±Ž	©>æÙI‰y0Éù‹Ð¬ªjmò_´/Nµï,ä}Wƒ:=RYþìŽ}<n£¿ÎHòÏ„I9`>¢H9ÈEíò€bAëwöžk}¦mÌËóö	  ÿÿ PK     ! ¸JK-  ·     xl/worksheets/sheet2.xmlŒPÁJÄ0½þC˜»MWY•¥í",‹õžm'mØ$’YWÿÞ´eÁ‹·yyo^æ½jýå¬øÄ˜ùE	}Kñ}ïoÛ«{‰•ï”%5|c‚usyQ)îÓ€È";øTÃÀVR¦v@§RA}f4E§8ÃØË"ªnZrV^—å­tÊx˜Vñ?¤µiqCíÁ¡çÙ$¢UœïOƒ		šª3™‰ˆº†‡È¦š¾ý0xL¿f1¦ØíGâ©«¡¥òv;¥x‰¢C­–_éøˆ¦8W¶<»o«¼TÏ*öÆ'aQgMYÜˆ³~š™Âôº±#fr'4ä‚0Q7 4ŸÀxÖ¹òæ  ÿÿ PK     ! ¸JK-  ·     xl/worksheets/sheet3.xmlŒPÁJÄ0½þC˜»MWY•¥í",‹õžm'mØ$’YWÿÞ´eÁ‹·yyo^æ½jýå¬øÄ˜ùE	}Kñ}ïoÛ«{‰•ï”%5|c‚usyQ)îÓ€È";øTÃÀVR¦v@§RA}f4E§8ÃØË"ªnZrV^—å­tÊx˜Vñ?¤µiqCíÁ¡çÙ$¢UœïOƒ		šª3™‰ˆº†‡È¦š¾ý0xL¿f1¦ØíGâ©«¡¥òv;¥x‰¢C­–_éøˆ¦8W¶<»o«¼TÏ*öÆ'aQgMYÜˆ³~š™Âôº±#fr'4ä‚0Q7 4ŸÀxÖ¹òæ  ÿÿ PK     ! —ÍdW  ö     xl/worksheets/sheet1.xml”™Ms£8†ï[µÿâ¾¶ù°!);SØ‡­ÚÚÙ3±å˜Ûx$3ÿ~[!x%³ÙKpÐÛÝÒ£îÆ2ëOß/gëUuQ^7¶3[Ø»îËCq}ÙØþ±û%´­ºÉ¯‡ü\^ÙÆþÁjûÓÓÏ?­ßËê[}b¬±ÈÃµÞØ§¦¹=ÎçõþÄ.y=+oìJ#Ç²ºäý[½Ìë[Åòƒ0ºœçîb±š_òâj·«ø(ÇbÏ’rÿza×¦uR±sÞÐüëSq«í§õ¡ 1¾ «bÇýÙyÌœ•=Z‹Ðì½|¶šüù+;³}ÃDÀ¶øÊžËòftkA.k!à.ó}S¼±˜Ï;[œDúHæ}„ágm'XüVYvÌ_ÏM\žÿ.Íic¯V3Ç_¬\ò×ý^¾§¬x954%áz_žÉýµ.ß)ÛºäßÛù¶>œp¶žÃì_ë¦¼tÎ>³ÞÐíéúÞºî,\.ýUðå4?Î´ÍÞ¤ÁéÚùp
îw†t•ÁW“‘hF"]e$÷C‘È­0¤«4ô>dt†tí½™.¥Ø	°T(""];ÃÕb vÂò¡³¤«œk8óÝeÞÙÌy›"Ù’¼ÉŸÖUùnQýPVÔ·œW£óHÞxö¸¥ïž~æ£BC·y¼=-ëù¥ê¾“D­„rCIœ±$6xqÇ’Ä ñÆ’­Aâ%;ƒd9–|1HVcIjcIf„½dNh{¾ùzîLU\_²=sn1fÀ:£V2d»ë
Ø”D{²Õ°%;©0%ÆT)ñÐÓ‰•JK%	`§2Wä›§bŽ¸R#A®>ÕQ[3:T.CE¦­b4éñœc]™“èQé*vRadJƒ=Óìy*-•$€	fÞ$Sê±ÈÔ¥¦v)—™B™D­bÈTU‰ÈƒXW@¦$zdª+@³“#TTP¡LRi©$¬2ó'¡ò'$4X¯‚é‰Êåc¨L)j%Cª ‰UG‚|¢'[]á@Ñì¤ÄÈ•WpžJK%	 7èûw{¯Cäºšn¬ÜÐBÏ‰ZÉ­’Ø *Kô@°ú­®ð «vRbDKƒ
-ìl*-•$€¢ÊV“h©æ­·˜ñïz÷Z· ´ %j%C´,96H 'C XÛV—¸Ø¤ÄÈ–[HøTZ*IÎ³@°uÔ´FÏ-~8Âv°œü>À-Æl]ì­dÈÖ…Œ‹È›D4X„h[]â¡”ÙÒ b••JK%	a¡Y8É–¾¿"Û¥?™·ÜØÂ¬¢V2b©$Ú‰Hc«K\Èþ”ÙÒ bSL¥¥’„!ÙÃ$[‡Žù×w&W˜ ]U"¡¢N3ÄëAAÅ&$Fbˆ¥6h´ÎÐkŒˆù¨b{œö¶JBe¤ážsu‡, =øËÉ&cÊlmÔiF”af±IµbVÒ¶ƒF§,ÏOfÊ4ª(C¤ÿ!Ì3#Í$e”½`6ñ|s¸@†‰EfÒ=6h|H÷ÄË‡tßöþ;?©ïú;-Rpú…+¦0­´7Všú`FîÚU¶ãÌå§È\ºÎ½oŽ~Zñµ´m5Ã©ûZÚ4°øÄK#*ç£ˆÊ;wˆÒpO4€©!d=9#Í$Q~ô ¢SÇ1G?ªøPQ§…ŽMX^bŠ¥•óQDå;DiXw©!d8#Í$Q~èø?DõCŠ›ÑO­Ø|˜VÜiFÔ5¢?€`ÛÇRD¥Õ¢4¬ˆBy¥½;¥	¡©e¤™$ÊÏ@Ô£‡äÝª×Ï&>„Œè‡wNtDK5Ñíb“F#jˆ¥•ETÞ¹C”†QhFi7­áó+„©ó÷
F¢í‹€ö·Ù[þÂ~Í«—âZ[gv¤€tü²­ªýu_|nÊ›¸K;ü\6ôÓ½üïD/L=3jPÇ²lä?´Dî÷+k^oVYô2D¼ÙØ·²jª¼h(ÂcqØØUvo æý›§  ÿÿ PK     ! ¤TLô  t      xl/sharedStrings.xmlìZÍrÛ8¾§*ïÐ¥ÃÖn•É¿™xOÅJœ¸'N<×ž¶ ”0"	 mkÊ‡y‡=íëÍ“ì× )Ó¤äM<Ú­=äÇºÑèŸ¯¿FrðÓu–Ò¥4VéüyoóÉ°G2t¬òÉóÞçŸ7~è‘u"Eªsù¼7—¶÷ÓáãGÖ:‚lnŸ÷¦Îûƒ¦2ö‰.dŽ•D›L8üj&[)b;•Òeé`k8ÜdBå=Št™;œ;|Ö£2W_J9
_ž{‡VøSöm!"œ5VšKÙ;|éq)÷éÜAQ*­Åß¤Lé¥.Ç©¤+‘¦4ÒI"%eå„nèCé¤¡±Žç”‰X’Nèb*…£¿ˆ¬ø‘>©HÒ´´3l}'ÅŒÎŒÆ:¸Ãƒ[â­9üã÷Ò‘¥SI™Ì ¶ƒbiÕ$ç£?â-§Êm(Q¹²Sö`e¤õFªÜ*˜ Ü:]©Jdl^ 0ÚÉÈYšëÒÐa°”Ñ¸49BDã9Mµƒô—Ra-è­,('üþ/KqÃ!"µšàÄK™Ci¤Ó¸ÅVr2+¤®4š"„ÌJ>ÁûŒ]t&-])7%A‘(Èi\PCÈ[•ÏÂÕ<d–8ÿÊ;?QcÜ>„ÀÔ!¨ÎºrsÚÙÚ%d©(àŽëêrA•ÓI+ÑÑmØ[+œ°ÝT‚zhom=<{{J›Ã­ÖçåªdDÐsõ_ÏÈ–E>!G©°VEÞ€ï9ù¿ÈÉ­­á7ådH§ívðF"O$Š	x‹f(N]¾Ò¶‡;(2¸:/À-1€¶ ;m­@¯ò_õ<Td`åâ¦À=£&*)é+”ÞYZZ²eäÐ ðå­©?'¨}™[üÀö¶¡(_¥r"rWÕ_Àl¢u¼aE")ÜbVeëÆZÚpä(a‡íÖD03w°¼(ÑJl(è @9%ã§“1²T:‡§ŒP“©£²Âi°ç…Œ´d2Âge3¸m€Ï¥`ŠSõ•wÕ¸Ti¼hp¾ÈrØ‡˜ãõÒÄ¨ê  >Ãy&ÌP|°Îqç)Ñ¹H^a:leË¨Â¸}Úy:
ý5€ÜßÚÅ*Ò­ý5$ÕNûó‡k#£wB¤ÐWcR%rºVh„ ]´à;32SeFw»ßÒ×©¶–[®7¦ê‡H5ßTR­á&[Â)Ü–X]zƒèÑ—R¤ŒÿíîÙìh‹H|o¸ ··N,ÚÙû& ZÞà de‹ÜmçÆÙÛsÚn¶?Ÿ#œÀ“nPû¾Ks)Ä¨× W$îH;‡Ô½¡·R–Þ *E1eá²ÚÙØÃçÒXÆCT{á¿Ž„1sæEÚ&pÖ¶vŽò {ö¹a	S»…zAC~§T]ÉNEÆÉ„è5Šå8{\óÄ t¡R5“@…-{Ö§™¿`ƒ81jVßsÊ÷*^–FpQo¼ów!ùGX?e^äâ7ê
j_ÚÛº [£ª€æ‘3ºÐ),"SqV½7ŒÙåk”U`)¸#dåÖ±ˆ€}Jü¥PÇùÂÎ¼ÔØˆµ9·4xÕ—kÒ±®¯}ŽC"€ãzˆtt7ÒÁäEÒ?Ým‚iÃ5«(ã¹*ƒBÞµÓÚ–‚/§y› ~,%&£gC6à• ÈÛì>æ ‡úT­R÷¦jŒÜÞ+7‡ #íü pC›?€èsº#?LÜÛFrn‡³¿òÔÊeFøÆé~K2*+8ª•a{¨Ç#FLAÎVT£Ÿ$8]ËIPÛD¾2vñ?VˆÏçÖ©þÒOVuÑJ©jO¾ƒð¡UçE6—)`·°ÒoNAÈeÖéƒ£~Ã¯¬¤êÒÍÈH¾^tÞN}uõeæ„´”˜ŠÛñ@¬LšülÆ"Ç0BçmBc#²ÒÇ&IA1œ.€ñÙýÞå{!;ÚFpRÝTe¸²–yŒ¨×l¨(Äæ¨®Âî'»ók®øêä°ï$– V¼æa‘Î2 '§Ò(Öø	@P—Ê)Y!Úqà–ÖCbãŠ¬%IµA—êœXhÚìÓQ*¢™òÅT¹Õ¢í§<ï­bZX]·Óz‡á¯© ÆºŒ›l+Pv‹–T¿ITÀxCÜ/*ry{*x˜[Ë»çµBUanˆÄ™4	ðÛÇ‚{Œ,X”-è.¸4BÕH÷ WUyœ¸6Ô!à²nÎÍ¡"ü•4y¼Œ ø˜Þg¾o06úŠ9ßuŸ€³Ë&`í°¬–óþ>;êÌûÝ¾Öò@ÐóINPõ”CcÎ…I£×. þ‰‚Ug
ø¾ÄßO?|d†¿Š-¢N!:Óa9G:ulè7E››Vpæ²èÖ*±ãN®)°U-ñÈ´0Ãç‡Î7à‰æåÿ?Ê-×-g¬ï5Ó¤Lžóoš€<Ö²˜Ìë>Óƒ:¯DÍ9(yålOA§‚¯AokB´ù] |ÿ}ö¡?÷Ø¸ wfŸ'Á»ž!¯¢A •`x
|§ÀÎ@3BØæ½`x9Güvq&A6éïhôI&üjótá%@à5¨sŽ÷œÇNËÔ©Éê¡—^\¢s2ÇÿOš;ëÞÊ#úEJ³\ ÃEÞjÛ½•×Ýi¼5˜Ä_®¾ƒ›ç|sÖÞŒG†oP#ÔÇŠ¥÷"[µ†5f¦¶BøçyÑF‡óÏËKDðŽ&
êç:žPxïgÓ¹­“Nç°å8ÂP;Ñ¦£¦bcÇà…fÃëµ›ÿˆR)ò²xòk1i[¶Jhë!BÛÚyˆÐîC„ö"ôô!B›ÃI=(R›÷†ê^•Éû¬]õ¾M‹ Þ·éÞ áÝq	†¯}P«ú_Ýúb,ÿÑ“L¿šhlÿvO§j¼š­õ¨Ù^šõ¨Ù]ƒšs¼¬­GÍ:\kÖáb¨Y‡‹¡f.~Ü^ƒ‹¡f.†šu¸jÖáb¨ù3.àþ  ÿÿ PK     ! »Xƒê       xl/styles.xml´T]«Ô0}ü!ïÞl½¨´½ˆ° ¨w_³mÚL’’L×Ö_ï¤é¶]PÁ¯—v29g>Nš?ØEù -xv·ãLÙÊÕÚ¶ÿ|<<{ÉY@ik	Îª‚*ð‡òé“<àêñ¬2‚°¡àgÄîµ¡:+#Ãë”¥/óF"}+Bç•¬CL2 ö»Ý½0R[^æ³Xåz‹ßÏŽ2ßØEÕ•qQæ•ç<2y¬4*E¼• O^Ç°Fcrï£cªhŽ3Ú:"R&âÏýÿâ™èñi€ÛFÉQæDTÞèÀfû8vÔ¦¥©§r§¸˜þ‹èÖË1Û¿Ø$ˆ‰°ÌOÎ×´åëˆ3qr•9¨i ^·çøF×Ñóä!£Ö²uV™âš1ÔN¥ £¾47ØCÃloßÕ'MÅa_Mja6^:Dü-ZÂÞÀ>§’–Í‚ÿ³ìŒêûqQK6“]ãº˜•÷Ï°òÐ­5*Á—9‰9ÙW/»£®´bhþj
À6m…ö°YöÍª—¥±xþ1^xàëèN½ÔvYÃºfÂ¬‡U8»¨[”'ú¯DI-,¤ŸZ5²<.¾ÚT­{ój‰ú¤/'ˆ‚¯öû¨ïlºàbýy•ß  ÿÿ PK     ! ÏàG´Á  ,  '   xl/printerSettings/printerSettings1.binìT1kÛ`}¶’ÆõÒ
Y2„©ØÔÆrÛ­1–’ºH•dã%ƒ‰U¸’‘BbR(ýý!3fìÈÜ¡”ü€,íûT…“Ás'î»{ïÎgùlD8BŠ3úGdØ†K!ÎóŒ¬bìã!+­hO®á>×^– žŸÕ¤2f|†a¹Ì8,k<-„œ–ñLòŸ\©èW±LWñ7í çëE)FïCWØÕjoçŸÿ­-æ«9ñ4ŸµXü8¸{¯–¹í›|;x¯z×q9xÿ’š<;¨ÃÄ+´ÈÕé^ó©³§EÞdÖ Ö‰›Œ]¢Ú9:çDÏôËB?ŽÒp¦2w4S?:a™A`zpÒ(Œ³Q%1\Ç¼N/€Î’ÉqÎ1u¦*k¢›L’ÔNÆáßLýâ{«m Ý°ïîþ­:ÝÙbù]£ß–œŠþãÄþz³önó²ýå;9«¨¡Â¤0Õ«ð‹"*¼G(¼Þ?áž9Æ'î µYúÜ7j¸1›á„õc6/v:¬ÅKöv9ãSÎ÷ù	õ}j“eäÄDQ@DQ@DQ@DQ@XF?   ÿÿ PK     ! F´‚B  Y   docProps/core.xml ¢(                                                                                                                                                                                                                                                                  Œ’OKÄ0Åï‚ß¡äÞ&mé*¡í‚Êž\¬(ÞB2»[lÒdíî·7ý³µ¢™÷æ7o†äë“l‚O0¶nUâˆ  oE­öz©6á-
¬cJ°¦UP 3X´.¯¯r®)o<™Vƒq5ØÀ“”¥\èàœ¦[~ ÉläÊ‹»ÖHæüÓì±füƒí'„¬°Çs÷ÀPÏD4!Ÿ‘úhš 8†$(gqÅøÛëÀHûgÃ ,œ²vgíwšâ.Ù‚âì>Ùz6v]uéÃçñÛöñyX5¬U+¨Ì§Ü s­)LŽ…þx³nëï¼«AÜ'Ïïºç±GˆÀ¡cì‹òšÞ?TT&$ÉB’…qZ‘McJnÞû±?úû`cANÃÿCÌª8¡IFÓdA¼ Êÿúå   ÿÿ PK     ! œ<»X‹  4   docProps/app.xml ¢(                                                                                                                                                                                                                                                                  œ“AOã0…ïHû"ß©Ó‚ª#‹8,¢R[ölœIcáÚ‘gˆZ~=“D¥é²{ÙœÆóžž>'êf·õY	]…˜Nr‘A°±taSˆõêáüZdH&”ÆÇ …ØŠýãL-Rl ‘Ì8"`!j¢f.%Ú¶',Vª˜¶†ø˜62V•³píûÉYž_IØ„Êóæ+P‰ó–þ7´Œ¶ãÃ—Õ¾a`­n›Æ;kˆo©ŸœMcEÙÏ¯äXTL·ûžíu®äø¨–Öx¸ã`] ä±¡ÁtC[—P«–æ-XŠ)C÷Ác›‰ìÕ t8…hMr&cu¶áÐ×¾AJúwLoX*É†¡Ù—cï¸v—ú¢7pqjìNWŽ<àsµ0‰þB|1&îÞgÙñMÇ|_¤½4û·4ŽoÕŠùþ úåÂ®›U¼7‡‰Ÿ6Õ²6	J~¤ƒ~l¨Gvò]È]mÂÊƒç»ÐíÇËðèél’ó×¯Å¡§äqÝõ'   ÿÿ PK-      ! §•ù™„                     [Content_Types].xmlPK-      ! µU0#õ   L               ’  _rels/.relsPK-      ! Þ	ý(  Ô               ~  xl/_rels/workbook.xml.relsPK-      ! Ô E]  r               À  xl/workbook.xmlPK-      ! é¦%¸‚  S               J
  xl/theme/theme1.xmlPK-      ! ;m2KÁ   B  #             ý  xl/worksheets/_rels/sheet1.xml.relsPK-      ! ¸JK-  ·               ÿ  xl/worksheets/sheet2.xmlPK-      ! ¸JK-  ·               H  xl/worksheets/sheet3.xmlPK-      ! —ÍdW  ö               ‘  xl/worksheets/sheet1.xmlPK-      ! ¤TLô  t                Ë  xl/sharedStrings.xmlPK-      ! »Xƒê                 ñ#  xl/styles.xmlPK-      ! ÏàG´Á  ,  '             &  xl/printerSettings/printerSettings1.binPK-      ! F´‚B  Y               (  docProps/core.xmlPK-      ! œ<»X‹  4               …*  docProps/app.xmlPK      ²  F-    